InspectionDateAndId,gaze_endpoint_std_x,gaze_endpoint_std_y,gaze_endpoint_std_combined
20241009101605_1,12.41608198,14.32300322,18.95540855
20241009101953_2,10.89370137,15.15858382,18.66695993
20241009102622_3,13.51014473,12.43107939,18.35907801
20241009103234_6,11.92896374,13.9585292,18.36139193
20241009103315_7,11.65878133,12.45395518,17.05954811
20241009104009_10,11.44776095,11.71768201,16.38155373
20241009104511_13,12.45670192,13.24964127,18.18577512
20241009104851_15,11.93853721,14.21362867,18.56221729
20241009105123_17,11.96814332,14.04816037,18.45500648
20241009105622_19,12.12067421,14.03237847,18.54234043
20241009105642_20,31.06069787,13.32187964,33.79703284
20241009110028_22,12.49764601,14.01936229,18.78120536
20241009110048_23,12.83127838,13.68967086,18.76296333
20241009110346_24,11.69776816,13.98966699,18.23591408
20241009110727_26,12.45074217,13.87866627,18.64506257
20241009110926_27,11.33589537,12.9959411,17.24520249
20241009110948_28,11.57172655,14.31684505,18.4086096
20241009111206_29,11.91420237,14.2620807,18.58373385
20241009111357_31,10.65833936,10.98570202,15.30639888
20241009111801_32,12.61606414,13.45994746,18.44817769
20241009111839_33,11.90794745,13.73768594,18.18029778
20241009111855_34,11.98811415,13.90419406,18.35868986
20241009112047_35,11.92125177,14.06595792,18.43820533
20241009112415_36,12.10952787,14.21843751,18.67631202
20241009112532_37,11.88172525,14.02024407,18.37777568
20241009112542_38,12.14138836,14.59618269,18.98583315
20241009112601_39,12.89776355,14.17344565,19.1634774
20241009113031_40,12.15497306,14.02523757,18.55938197
20241009113055_41,12.10218579,13.92315925,18.44768995
20241009113206_42,12.81034525,15.8700451,20.39517779
20241009113326_43,11.8597954,13.76480931,18.16933467
20241009113513_44,10.59336927,13.96328501,17.52691647
20241009113623_45,12.29090629,13.62963391,18.35301877
20241009113714_46,14.05206402,30.41489121,33.5041208
20241009114057_47,12.06432515,14.05616816,18.52360129
20241009114235_48,12.4318341,13.67580686,18.48183412
20241009114256_49,11.88322819,13.80568702,18.21560063
20241009114326_50,11.85657586,14.14776826,18.4590828
20241009114516_51,11.97136884,14.09817569,18.49519477
20241009114700_52,11.01029441,14.33274275,18.07357457
20241009115138_55,12.94957646,14.16205916,19.18998307
20241009115237_56,10.73911192,13.18529326,17.0053075
20241009115410_57,12.09441469,14.02608104,18.52041619
20241009115630_58,12.56733913,14.74945266,19.37741899
20241009120510_64,11.4538744,14.87432601,18.77330054
20241009120757_67,14.39684916,13.87075032,19.99167277
20241009121058_69,11.82829439,13.97142015,18.30598616
20241009121542_71,12.08559396,14.01663732,18.50750396
20241009121704_72,12.24301787,13.97468177,18.57910701
20241009122013_73,11.97583762,14.10377425,18.50235484
20241009122013_74,11.85847757,13.20795996,17.75031539
20241009122300_75,12.02232848,14.13981878,18.55992611
20241009122306_76,12.12484503,14.05647561,18.56330718
20241009122509_77,12.55195078,13.198706,18.21420623
20241009122612_78,11.98575864,13.89322364,18.34884393
20241009122653_79,13.68078203,18.79934009,23.25035451
20241009122923_80,10.29136663,12.57883391,16.25236259
20241009123054_81,11.8968843,13.13208947,17.7196961
20241009123128_82,13.33682485,13.44309134,18.93640943
20241009123520_83,13.22781415,12.33586675,18.08725175
20241009123619_84,11.91039383,13.95466881,18.34639645
20241009123931_85,11.76113997,13.59157981,17.97374349
20241009124003_86,11.57354378,13.26686227,17.60558293
20241009133840_87,12.08850794,13.87868787,18.40516235
20241009134250_88,12.00904483,14.08459338,18.50926602
20241009134534_89,12.37915749,13.85441012,18.57924165
20241009135010_90,12.7114755,19.31536366,23.12282169
20241009140537_96,12.26191851,13.80202617,18.46213888
20241009140808_97,11.58808907,15.74848778,19.55245958
20241009141636_105,12.33105195,14.04583159,18.69064545
20241009141929_107,14.30646976,20.80362493,25.2480868
20241009142157_108,12.23021947,13.73077367,18.38783331
20241009142541_110,12.01960946,14.15373518,18.56877031
20241009142805_111,12.08819079,13.95030394,18.45901776
20241009142901_112,11.73500476,14.01828948,18.28176076
20241009143249_114,11.89256669,13.77958607,18.20192668
20241009143600_116,12.14002744,14.20933224,18.68917839
20241009143704_118,11.39304659,13.40640634,17.59355682
20241009144029_119,12.71618708,14.41445702,19.22181014
20241009144121_120,11.88291287,13.75428727,18.17646931
20241009144148_121,12.56497934,13.67784728,18.57315837
20241009144501_122,12.86122652,12.01721279,17.60183374
20241009144508_123,12.6992228,13.39961216,18.46130726
20241009144704_125,11.63783194,14.00151489,18.20663482
20241009144951_126,11.85522113,15.1083315,19.20437317
20241009145220_128,12.39451045,13.22691325,18.12664126
20241009145521_130,12.93871552,12.67002872,18.10911337
20241009145620_131,12.37538136,10.10815905,15.97889055
20241009145632_132,12.16604771,14.10180077,18.62454031
20241009150015_133,11.94565723,14.16406408,18.52888118
20241009150252_135,11.83453662,13.76719042,18.15466301
20241009150320_136,11.8728642,13.85239602,18.24428075
20241009150417_137,12.99410836,14.29143918,19.31559178
20241009150719_139,12.62706851,13.74416153,18.66399838
20241009150826_140,12.11697892,14.04432641,18.54896985
20241009150907_141,11.88693842,13.89496423,18.28576867
20241009150955_142,12.1131423,15.46999685,19.64813016
20241009151242_143,11.92508136,14.11959848,18.48162944
20241009151400_144,11.74404981,13.94982727,18.23514154
20241009151614_146,12.38481206,14.21307402,18.85192411
20241009151709_147,12.33411156,14.47998572,19.02104872
20241009152049_149,12.01524192,13.9368393,18.40112845
20241009152123_151,12.01813251,13.67591695,18.2062136
20241009152427_153,10.76032516,14.82184641,18.31588733
20241009152439_154,12.04047397,14.02724297,18.486118
20241009152619_155,13.319446,13.02930585,18.63251064
20241009152816_156,12.32727369,14.54609212,19.06699957
20241009152839_157,13.25648444,13.40087464,18.84987589
20241009152941_158,9.917917467,13.54861272,16.79077108
20241009152944_159,11.91634543,14.1112903,18.46964543
20241009153242_160,11.72150271,13.76599124,18.08026937
20241009153346_162,12.50276254,13.55213306,18.43852981
20241009153614_163,12.09524522,14.10745544,18.58266009
20241009153708_164,12.54410991,13.16029431,18.18098016
20241009153810_165,12.76723936,13.23942905,18.39252247
20241009154214_166,14.10679727,16.29090385,21.54983243
20241009154359_167,11.81374819,14.02276017,18.3358242
20241009154422_168,13.3535376,13.23105377,18.79834435
20241009154712_169,12.27114567,15.02518915,19.39941559
20241009154821_170,11.74927291,14.11384338,18.36425846
20241009154932_171,12.04535568,14.05695886,18.51185258
20241009155328_172,12.36841615,13.96305124,18.65327098
20241009155402_173,12.69073511,14.00631077,18.90056875
20241009155734_174,13.16409501,13.12361108,18.58823728
20241009155739_175,11.93510857,14.48770795,18.77073516
20241009155805_176,11.97110697,13.94473642,18.3783317
20241009155813_177,11.96436817,14.72837103,18.97553738
20241009160110_178,12.01783545,13.88354367,18.36249312
20241009160159_179,11.81315144,14.85546559,18.97986841
20241015102359_180,13.24298855,12.96875557,18.53551636
20241015102736_182,10.6721271,15.52745671,18.84134307
20241015103008_183,10.29118016,16.19356355,19.18697187
20241015103315_184,11.90072507,14.17117085,18.5053868
20241015103327_185,11.88248491,14.17555071,18.49701829
20241015103543_186,11.57459338,14.37031948,18.45202683
20241015103656_187,10.7017992,13.72598515,17.40491811
20241015103701_188,12.09127277,13.9615019,18.46949952
20241015104417_193,11.1990264,14.29293727,18.15781507
20241015104427_194,11.96651796,13.69669769,18.18782779
20241015104747_196,10.3996437,13.61211708,17.13015822
20241015104852_197,12.88018605,9.451091815,15.9756793
20241015105031_198,11.84630288,13.89503263,18.25943109
20241015105226_200,12.66882825,13.20616701,18.3003294
20241015105505_201,12.54428096,13.76668607,18.62473168
20241015105652_203,12.11248111,13.73927969,18.31611327
20241015110109_204,12.79310805,13.36249474,18.49918591
20241015110132_205,12.10863514,13.97773322,18.49313577
20241015110306_206,12.08286806,14.26851907,18.69722806
20241015110331_207,12.41307549,13.87642927,18.61826341
20241015110457_208,13.15800372,13.29246066,18.70354438
20241015110529_209,11.91598299,14.00952168,18.39177393
20241015110708_210,12.08393596,14.49447576,18.87091243
20241015110715_211,12.47431313,13.64230431,18.48569596
20241015111213_213,12.73666865,13.85914226,18.82281999
20241015111524_217,12.23937631,13.80933936,18.45264713
20241015111749_220,12.14967287,14.10400244,18.61551599
20241015112130_223,12.93909788,12.94217709,18.30082517
20241015112146_224,11.75063993,14.05882513,18.32288468
20241015112600_226,12.59600403,13.32687752,18.33752933
20241015112619_227,12.47995526,13.17878507,18.15019722
20241015112713_229,12.8692429,13.38506236,18.56817997
20241015113037_230,12.04489571,13.97889857,18.45234722
20241015113117_232,12.30910808,13.80666994,18.49698021
20241015113241_233,11.33821736,13.11374731,17.33567251
20241015113318_234,11.96217631,14.05110957,18.45338295
20241015113523_235,11.99613396,14.18011094,18.57371197
20241015113539_236,11.77704473,13.86065085,18.18835959
20241015113711_237,11.91764548,14.00708481,18.39099504
20241015113906_238,11.76036011,12.8200265,17.39710175
20241015114215_240,12.22253682,14.35861155,18.85630218
20241015114315_241,11.97055203,14.01624366,18.43228695
20241015114613_242,12.03990691,14.34036088,18.72445749
20241015114623_243,12.18426131,14.01604374,18.57163713
20241015114636_244,11.60475808,15.22239821,19.14136404
20241015115118_247,12.50385642,14.13237719,18.86983069
20241015115143_249,12.06782776,14.07034745,18.53664329
20241015115548_251,11.8125279,14.12072489,18.41007025
20241015115628_252,12.42052537,13.49909272,18.34379881
20241015115821_253,12.71259775,11.91634786,17.42439347
20241015120052_254,12.48282036,13.87986736,18.66739194
20241015120226_255,11.9922256,14.83666588,19.07721493
20241015120412_256,11.96796408,13.64824236,18.15231896
20241015121219_262,12.53879472,14.56344876,19.21758083
20241015121512_264,11.85284428,15.48551291,19.50105197
20241015121612_265,11.92315862,13.58326794,18.07392816
20241015121937_267,10.30685543,13.65215059,17.10591958
20241015122010_268,11.3974892,12.95527504,17.25519955
20241015122056_269,12.89788613,13.92877522,18.98331493
20241015122131_270,12.48766729,14.78991161,19.35673836
20241015122351_271,13.35810517,13.55541411,19.0312434
20241015122609_272,11.81174039,13.83240154,18.18935247
20241015123010_275,17.14768387,12.81620677,21.40790083
20241015135432_277,12.64509928,13.87552468,18.77308502
20241015140004_279,13.41661349,12.78125956,18.53014067
20241015140028_281,9.245409835,14.06878958,16.83473918
20241015140417_282,12.34318766,13.96719658,18.63965831
20241015140755_284,11.83950909,13.94019249,18.28942159
20241015140847_285,12.14938014,13.73860926,18.34003332
20241015140854_286,11.8210479,14.1368388,18.42789691
20241015141123_287,10.4079352,12.85203477,16.53783278
20241015141239_288,12.2563563,14.04780686,18.64293827
20241015141324_289,12.40982144,13.78963456,18.55148753
20241015141528_290,12.2728473,13.75338682,18.43307978
20241015141723_291,12.39631834,14.02639044,18.71919702
20241015141910_292,11.99417172,13.90076229,18.36004759
20241015141929_293,12.86361053,13.66062748,18.763934
20241015142319_295,11.87269799,13.92394228,18.2985553
20241015142815_299,12.09132696,13.95732264,18.46637601
20241015142929_300,12.10946741,14.01075199,18.51864931
20241015143136_301,11.91921588,13.92823986,18.33203678
20241015143331_302,12.05686252,14.28268171,18.69125278
20241015143351_303,10.99179624,14.48210453,18.18105982
20241015143505_305,11.88425751,14.06330192,18.41227953
20241015143818_307,26.61516735,17.30251157,31.74498447
20241015144000_309,12.47587606,13.36383871,18.28222274
20241015144103_310,11.80188522,13.37144601,17.83479922
20241015144408_311,11.9488428,13.99899283,18.40507117
20241015144448_312,11.8099535,13.82619043,18.18346896
20241015144500_313,11.84760555,14.04457023,18.37432203
20241015144558_314,12.92837121,13.97146505,19.03535179
20241015144800_315,11.99355561,13.82886706,18.30527083
20241015144952_316,12.14627788,13.5690142,18.21126609
20241015145103_317,10.97630032,11.46069068,15.86904532
20241015145223_318,12.03365806,14.15347148,18.57766619
20241015145350_319,12.58100282,13.99688956,18.8200571
20241015145528_320,11.96068684,12.92693669,17.61146564
20241015145619_321,11.95550064,14.10292675,18.48855155
20241015145645_322,11.84718036,13.8585175,18.23222942
20241015145734_323,11.15691718,14.77380504,18.51329566
20241015150232_325,12.09228834,13.43399517,18.07472443
20241015150251_326,11.92027689,13.82086582,18.25128306
20241015150413_327,12.34989008,14.16709232,18.79431536
20241015151246_333,12.70546428,15.068785,19.71032988
20241015151508_334,12.08164721,14.19148007,18.63771193
20241015151621_335,12.32411728,13.81764035,18.51515734
20241015151807_336,12.35424663,13.6393068,18.40266556
20241015151923_337,11.99307591,14.21271755,18.59664513
20241015152015_338,12.50421466,13.24110296,18.21214408
20241015152031_339,11.95946922,14.05531053,18.4548275
20241015152420_340,11.25617557,12.48978082,16.81356933
20241015152436_341,12.04238095,14.0617274,18.51353874
20241015152539_342,12.02580281,13.90336644,18.38269653
20241015152656_343,11.62541359,14.03962671,18.22803772
20241015152912_344,11.72285641,13.89614684,18.18043618
20241015152958_345,11.84044905,14.153825,18.45337356
20241015153130_346,11.9589265,14.2093055,18.57202966
20241015153136_347,11.92483238,12.90593844,17.57170664
20241015153459_348,12.05830773,13.95069002,18.43975426
20241015153546_349,12.08034675,13.8704313,18.3935761
20241015153548_350,12.23419303,14.18830748,18.73455492
20241015153814_351,11.80435242,13.97762988,18.29526915
20241015153944_352,11.83788488,14.08818241,18.40142391
20241015154544_353,11.28604549,12.86812976,17.11617907
20241015154704_354,12.60237029,13.44033414,18.42450322
20241015154830_355,11.99396715,14.12554843,18.53068716
20241015154941_356,12.33503035,13.96534796,18.63287195
20241015155002_357,11.61301568,13.84431545,18.07006374
20241015155112_358,13.20486774,11.41528322,17.45500567
20241015155249_359,11.67570392,13.7721995,18.05534661
20241015155411_360,11.90477069,13.84426353,18.25889366
20241015160536_362,12.87472267,13.61301639,18.73693409
20241015160731_364,11.77161078,14.18059368,18.42986862
20241015160917_365,12.37233702,13.41720724,18.25092254
20241015160939_367,11.78050433,13.6296613,18.01521438
20241015161111_368,11.13052245,13.88466156,17.79529029
20241015161452_370,13.30773812,12.95943212,18.57532704
20241015161456_371,11.9366621,14.11301315,18.48407537
20241015161653_372,12.2141839,13.76357672,18.40169374
20241015161817_373,9.637160827,10.45235218,14.21712119
20241015162052_374,10.95939131,14.95919527,18.5441576
20241016095846_375,12.18939234,14.22175447,18.73071237
20241016100551_376,11.42959702,14.84551363,18.7356602
20241016100845_379,11.71120648,12.38259031,17.04350023
20241016101025_380,9.827393296,13.82491687,16.96189805
20241016101220_381,12.56934654,14.08033351,18.87443414
20241016101510_383,12.58149582,13.23228501,18.2588993
20241016101616_384,12.02023322,14.00596093,18.45678597
20241016102149_386,11.97193274,13.96693549,18.39571854
20241016102243_388,12.15596543,14.02886902,18.56277623
20241016102857_391,12.06946912,14.12895458,18.58223459
20241016103220_394,11.72856465,14.06252977,18.31158027
20241016103556_395,13.59958763,11.39550123,17.74277971
20241016103838_396,11.88636443,13.90152507,18.29038159
20241016103954_398,13.89178444,13.63497033,19.46520205
20241016104305_401,10.87409851,14.09696038,17.80366002
20241016104546_403,10.45522184,12.34234807,16.17545114
20241016105627_406,12.01478436,13.7298554,18.24456008
20241016105750_408,20.27221745,18.85076056,27.6823766
20241016105941_409,12.44312226,14.31122308,18.96423997
20241016105957_410,12.23384861,14.38196946,18.88142202
20241016110058_411,11.87874988,13.86429229,18.2571438
20241016110328_412,11.49220355,13.63703769,17.8336631
20241016110358_413,12.51289293,14.99133984,19.52723124
20241016110604_414,15.71504603,14.3143987,21.25710897
20241016110640_415,12.25233076,14.14881244,18.71653019
20241016111042_416,13.09536442,12.9846709,18.44153594
20241016111414_418,12.03954647,13.77996461,18.29858202
20241016112132_423,11.72904034,14.40116469,18.57320467
20241016112422_425,11.79530348,11.75374092,16.65171492
20241016112809_426,11.89031846,13.75839283,18.18441768
20241016113008_428,13.35950258,13.99671431,19.34901343
20241016113229_429,11.52845937,14.31017716,18.3762495
20241016113423_430,12.01204958,14.20399657,18.60222712
20241016113647_431,12.23224635,14.02771521,18.61194898
20241016113817_432,12.56491608,13.78973801,18.65566913
20241016113826_433,11.67355817,13.60827644,17.92922609
20241016114142_434,12.54512897,13.85681328,18.69201795
20241016114206_435,11.19838624,13.70579117,17.69894251
20241016114705_438,10.79724198,13.99306006,17.67444947
20241016115038_442,13.04963788,14.93054641,19.82963098
20241016115500_443,11.31652553,15.2054553,18.95440901
20241016115525_444,16.58761028,11.97661641,20.45942706
20241016115615_445,10.34969598,12.32835887,16.0967276
20241016120118_447,10.57329953,15.78941345,19.00263771
20241016120128_448,11.90440871,13.84863865,18.26197522
20241016120421_449,11.44654942,14.48391899,18.46096972
20241016120503_450,11.92085225,13.58748172,18.07557407
20241016120807_452,11.457681,13.63759648,17.81186379
20241016120812_453,12.72159652,13.70368379,18.69839478
20241016121020_454,12.16721079,13.85059601,18.43583544
20241016121204_455,11.35330481,13.62666876,17.73650562
20241016121254_456,12.82943215,12.72265285,18.06821033
20241016121339_457,12.06169987,13.65682775,18.22069011
20241016121446_458,12.0309379,13.9977998,18.45756934
20241016121916_460,11.71546897,13.82844753,18.12396684
20241016122014_461,12.08174629,13.92621374,18.43659466
20241016122119_462,12.29295883,13.78481578,18.46992103
20241016122435_463,11.31855933,13.40971343,17.54794003
20241016122455_464,12.21344601,13.04549698,17.8704576
20241016122504_465,12.02040631,13.76385756,18.27385955
20241016123101_467,12.15800428,13.67844969,18.30073917
20241016123158_468,12.00587991,13.78388345,18.27940358
20241016123200_469,12.18637555,13.794424,18.4063544
20241016123431_470,11.78940874,14.28812817,18.52405909
20241016123548_471,12.07623719,13.94675056,18.44850552
20241016123558_472,12.14808239,13.88454514,18.44875333
20241016134744_479,13.32983614,12.51124214,18.28156753
20241016134835_480,11.934348,14.17675262,18.53129723
20241016135216_481,11.55849757,14.27805547,18.37013158
20241016135338_482,12.19578532,14.03458611,18.59319195
20241016140242_483,12.89600238,13.47134205,18.64896603
20241016140649_484,8.214190485,11.45340848,14.09444895
20241016140805_485,12.06956112,13.926712,18.42898838
20241016140814_486,12.13774352,13.92056353,18.46907975
20241016140856_487,11.95119019,13.46946558,18.00714997
20241016141318_488,11.76035305,14.35204818,18.55497752
20241016141355_489,12.35207363,15.2730874,19.64283385
20241016142429_494,9.951321409,16.59078641,19.3463948
20241016142759_495,11.87920491,14.18100408,18.49909149
20241016144521_505,12.93073474,14.60224734,19.50460274
20241016144725_506,11.39663742,13.65152611,17.78334922
20241016144933_507,12.50353664,14.45399985,19.11168596
20241016144940_508,11.76875948,13.93895469,18.24275631
20241016145046_509,11.81927714,13.77818239,18.15306096
20241016145302_510,9.520523245,11.67473145,15.06451849
20241016145329_511,12.08115286,13.42360009,18.05954855
20241016145333_512,11.97449851,13.67195126,18.17445641
20241016145743_513,11.91030671,14.14419532,18.49090769
20241016150113_516,12.59314602,13.98391903,18.81853656
20241016150141_517,11.80657787,14.00728735,18.31937171
20241016150201_518,11.96833209,14.10707149,18.50001186
20241016150406_519,12.02407746,13.93050307,18.4021019
20241016150412_520,13.01965366,14.04007748,19.14771937
20241016150612_521,10.49477782,14.70819383,18.06851757
20241016150750_522,13.16556452,13.11874582,18.58584357
20241016151126_524,9.211006938,14.15787168,16.89047008
20241016151428_527,12.24359887,13.82518478,18.46730753
20241016151503_528,11.81118478,13.95447372,18.28199723
20241016152249_532,11.52677543,13.8708954,18.0351959
20241016152257_533,11.48073948,13.87243451,18.00699359
20241016152654_535,12.12288285,13.92857713,18.4653608
20241016152712_536,12.07162895,13.85799931,18.37847574
20241016152920_537,13.01640678,12.68587971,18.17576379
20241016153330_538,8.310132425,11.19867126,13.9451977
20241016153357_539,11.9470415,13.97460137,18.38535515
20241016153438_540,11.8999014,13.28817583,17.8376924
20241016153759_542,11.84594405,14.00508435,18.34308529
20241016154132_544,11.9301988,14.18444763,18.5345137
20241016154409_546,13.21598696,13.13002292,18.62954141
20241016154941_548,12.00312308,14.7892591,19.04723466
20241016155007_549,11.93016334,13.9594572,18.36287675
20241016155050_550,12.56237439,11.28876494,16.88932989
20241016155158_551,11.75296624,13.34384359,17.7817428
20241016155354_552,10.02338113,14.46919765,17.60187063
20241016155459_553,12.00760004,13.82252223,18.3096854
20241016160001_554,12.1713777,13.97529448,18.53243888
20241016160221_555,12.07582768,14.1808136,18.62581779
20241016160302_556,12.18583376,13.73019845,18.35791093
20241016160408_557,12.23818791,13.86775757,18.49561957
20241016160422_558,11.2308862,13.37403611,17.46418183
20241016160610_559,11.93157598,14.21071101,18.55550627
20241016160918_561,12.14206169,14.0393519,18.56160187
20241016161335_562,11.93878252,13.86752278,18.29870805
20241016161402_563,11.57997926,13.56333362,17.83423502
20241016161412_564,12.23255248,13.53755491,18.24556749
20241016161504_565,11.94862956,14.05672024,18.44887889
20241016161941_566,12.3988785,14.36682087,18.97729512
20241016162036_567,11.74084722,14.00778384,18.27745883
20241016162040_568,12.26152359,14.31619972,18.84936432
20241016162349_570,13.45801238,12.88308168,18.63040232
20241016162519_571,11.69848917,13.97531647,18.22537021
20241016162726_573,11.85979128,14.00607553,18.35278728
20241016162958_574,12.20487376,13.58796759,18.26449579
20241016163040_575,11.86661636,14.20659829,18.51064609
20241016163052_576,11.83073126,13.81995592,18.19223416
20241016163402_577,12.39059402,14.1697451,18.82308413
20241017100046_580,13.23917318,13.01253533,18.56345286
20241017100305_582,11.89050917,13.95358534,18.33266899
20241017100323_583,12.41866281,14.47047227,19.06876382
20241017100649_584,11.68267929,13.86313705,18.12930127
20241017100829_585,11.98786659,14.87131735,19.10144039
20241017101351_586,11.94168354,14.10245204,18.47925754
20241017101414_587,10.55862416,15.30579284,18.59440343
20241017101518_588,11.34799858,11.01499699,15.81477886
20241017101616_589,12.86252246,14.02812959,19.03241718
20241017102024_591,12.17418163,13.89880619,18.47667481
20241017102304_593,11.07408424,13.2739362,17.28677888
20241017102445_594,11.45398829,14.05702992,18.13267597
20241017102545_595,12.1315554,13.97556188,18.50651146
20241017102722_596,11.81705896,13.41148996,17.8748691
20241017102926_597,11.95062994,13.77925732,18.23966798
20241017102953_598,11.70830406,14.11653398,18.34014492
20241017103032_599,11.42941676,14.43228416,18.40984501
20241017103302_600,12.6987257,13.59131611,18.60057816
20241017103305_601,12.0223138,14.01633121,18.4660112
20241017103745_603,12.38045898,13.53267127,18.34145458
20241017103834_604,11.75027466,14.0056943,18.2819153
20241017104121_605,11.99685437,13.95324722,18.40156577
20241017104219_606,11.98315311,13.89686374,18.34989864
20241017104953_608,12.83957306,13.31529788,18.49734559
20241017105359_609,11.23394233,11.68313163,16.20793093
20241017105426_610,11.87118656,14.07343774,18.41159201
20241017105537_611,11.75756971,14.09140643,18.35233447
20241017105919_612,10.98587497,14.65276077,18.31373383
20241017105942_613,11.62196714,13.80372688,18.04474982
20241017110341_614,11.59771207,14.67378389,18.70365897
20241017110527_615,12.34200309,14.36827298,18.94128583
20241017110727_616,13.3084512,12.1825756,18.04245054
20241017110815_617,11.88234903,14.20871047,18.522356
20241017110913_618,12.84097896,13.55075181,18.66851936
20241017111019_619,12.73916319,14.1928447,19.0715264
20241017111215_620,11.05982319,13.92521035,17.78288988
20241017111438_621,12.30408124,13.90569119,18.5676779
20241017111530_622,12.12319926,12.84243436,17.66069309
20241017111534_623,12.3110091,14.1461101,18.75295646
20241017111808_624,12.7496127,13.61994999,18.65624994
20241017111817_625,11.50102801,14.28766892,18.3415138
20241017112041_626,11.02285671,15.96425129,19.40001777
20241017112222_627,12.83652236,14.13738577,19.09560114
20241017112340_628,11.75408261,14.01764032,18.29351519
20241017112406_629,12.16870767,13.66026897,18.29427218
20241017112544_630,10.61980441,12.88414136,16.69674651
20241017112615_631,11.47650505,13.29473793,17.56303575
20241017112750_632,11.97298461,14.35396449,18.69194096
20241017112926_633,11.89724877,14.39012507,18.67137456
20241017112941_634,13.59148402,13.11875367,18.88994801
20241017113208_635,11.65502703,13.78255869,18.04989139
20241017113407_636,11.94748651,14.1008993,18.48182337
20241017113607_637,12.02624541,14.0930498,18.52686242
20241017113835_638,12.18915356,14.18295493,18.70111427
20241017113911_639,11.82408529,14.08932065,18.39342136
20241017114136_641,11.8309976,14.04882799,18.36687431
20241017114306_642,12.26228351,13.95188018,18.57467516
20241017114422_643,11.99511253,13.95989428,18.40547127
20241017114502_645,11.87151412,14.42518246,18.68204315
20241017114844_646,12.02805125,13.92071801,18.39729346
20241017114914_647,13.03973192,13.13239841,18.50660684
20241017115056_648,12.47653283,13.6738036,18.51045047
20241017115225_649,11.95625069,14.00814901,18.41684472
20241017115322_650,12.09752732,14.00755819,18.50842656
20241017115344_651,11.96808875,13.95262452,18.38235239
20241017115558_652,12.71889914,13.26278166,18.37584754
20241017115625_653,11.32196842,13.26835719,17.44237001
20241017115737_654,11.94584757,14.06937225,18.45671991
20241017115814_655,11.52626235,14.23203539,18.31408079
20241017120228_656,11.74127315,13.40910084,17.82306036
20241017122358_658,13.30739619,12.6820057,18.38260216
20241017123651_660,11.93770601,14.06523176,18.44829448
20241017124111_661,11.54284386,13.64482485,17.87228272
20241017124206_662,11.9506542,14.04355573,18.44016251
20241017124508_663,11.76792049,14.09814854,18.36414291
20241017133707_664,12.25770126,14.35079807,18.87317264
20241017133848_665,11.95364354,13.70201283,18.18336464
20241017134059_666,11.90429372,14.06034102,18.42295846
20241017134425_668,11.83124015,13.77722364,18.16012485
20241017135152_669,12.69232072,12.9008747,18.09772288
20241017135633_670,11.93140938,14.00577232,18.39891813
20241017135723_671,12.29058119,13.61433768,18.34144423
20241017140026_672,12.44130943,13.89453418,18.65058338
20241017140343_673,12.12393748,13.92806347,18.46566576
20241017140659_675,11.83980771,13.97564482,18.31665075
20241017140748_676,12.31996667,14.14920441,18.76117172
20241017141113_677,11.65316094,13.7818986,18.04818243
20241017141213_679,11.92288032,13.91923725,18.32758143
20241017141509_680,13.3655757,13.78667918,19.20185242
20241017142131_683,12.02404041,15.00373732,19.22731602
20241017142157_684,11.05152048,14.8359752,18.49979095
20241017142312_685,11.85535422,13.89380735,18.2643726
20241017142634_687,11.7792545,13.87303067,18.19922571
20241017142652_688,12.31660747,13.26652479,18.10247219
20241017142739_689,12.06474611,13.71985406,18.26998889
20241017143031_690,11.82760972,14.05662172,18.37065502
20241017143043_691,11.61758661,14.41428597,18.5132374
20241017143121_692,12.04565955,14.2002653,18.62110223
20241017143304_693,11.7322119,13.77520988,18.09423121
20241017143558_694,13.74765751,14.30033073,19.83677257
20241017143651_695,11.31113581,13.18777158,17.37409314
20241017143807_696,11.98417126,13.93920991,18.38265306
20241017143830_697,11.2337763,14.85036836,18.62071885
20241017144119_698,11.02960785,14.48026153,18.20247849
20241017144346_699,12.06898346,13.91452634,18.41940295
20241017144346_700,12.82535182,14.07982359,19.0455003
20241017144607_701,11.21784155,13.84499059,17.81919564
20241017144913_703,11.77862586,13.4069852,17.84609984
20241017145045_704,12.508963,14.82851781,19.3999767
20241017145054_705,11.15746916,15.47357095,19.07670087
20241017145434_707,11.99240076,13.91292403,18.36810091
20241017145722_708,12.07675021,14.13708527,18.59314593
20241017145730_709,11.9594219,14.25008224,18.60356461
20241017145859_710,11.97082161,13.93416148,18.37012319
20241017150109_711,12.01045202,14.13849548,18.5512267
20241017150216_712,11.25385206,14.01424734,17.97354485
20241017150327_713,10.45381645,11.33708598,15.42114772
20241017150407_714,13.26805141,12.53459045,18.25259286
20241017150603_715,12.24544598,13.88548072,18.51371173
20241017150731_716,12.04873035,14.41199014,18.78503029
20241017150909_717,12.15934717,14.07240087,18.59790821
20241017150953_718,11.37140034,14.31308218,18.28040118
20241017151017_719,12.18082788,13.96796811,18.53312442
20241017151258_720,11.96713081,14.58763629,18.8682631
20241017151305_721,11.71529494,13.90086895,18.17917196
20241017151431_722,12.94829387,13.40714357,18.63893272
20241017151529_723,10.5253778,13.3795322,17.02337979
20241017151723_724,11.65488198,14.0837847,18.28084422
20241017151859_726,11.92717307,13.96906324,18.36823849
20241017151945_727,12.07841558,12.93358892,17.69649245
20241017152034_728,13.19424417,13.29618472,18.7317006
20241017152248_729,13.25799592,14.12460113,19.37211431
20241017152251_730,13.50408416,15.04768049,20.21862946
20241017152553_732,11.35955882,10.46449951,15.44491264
20241017153126_733,11.86462005,13.86091941,18.24539108
20241017153151_734,12.25334945,13.94253786,18.56176001
20241017153221_735,12.26988838,14.0266269,18.63589072
20241017153326_736,11.82501202,14.05601985,18.36852208
20241017153455_737,11.86260612,13.4941897,17.96704149
20241017153554_738,11.45903557,14.36281189,18.37389076
20241017153736_739,12.64786227,13.37427914,18.40760067
20241017153903_740,11.96301725,12.86053507,17.56437144
20241017154326_741,12.33868347,14.36149898,18.93398434
20241017154628_742,12.95545678,13.23519908,18.52064672
20241017154637_743,11.86959692,13.98708738,18.34464348
20241017154731_744,12.05871789,14.06559272,18.52710382
20241017155021_745,11.91926852,14.07290534,18.44222402
20241017155039_746,12.22920605,14.41309131,18.90213432
20241017155235_747,12.03976749,13.81625223,18.3260696
20241017155740_748,12.84100641,12.67694246,18.04428762
20241017155947_749,11.8926839,14.0324198,18.3941495
20241017160237_750,12.07034586,13.19206296,17.88082141
20241017160410_751,11.62764201,13.11283763,17.5256546
20241017160613_752,12.80121745,13.88068083,18.88238513
20241017161134_753,12.29673227,14.03767689,18.66188621
20241017161221_754,12.74017243,13.50922106,18.56908849
20241017161602_755,11.96833896,13.70875921,18.19811025
20241018095459_756,12.18560634,13.96927679,18.53725158
20241018100023_757,12.70510552,13.41093885,18.47357537
20241018100044_758,13.52411379,13.56072962,19.15189394
20241018100149_759,11.89616157,14.04325779,18.40466651
20241018100457_760,12.01504019,14.25605855,18.64393725
20241018100507_761,11.59766568,14.16100061,18.3040921
20241018100525_762,11.68753868,14.65614795,18.74569906
20241018100545_763,13.80186525,13.52181388,19.32177359
20241018100910_764,11.9757934,13.67901253,18.18062186
20241018100956_765,13.86370971,14.07501004,19.75622319
20241018101020_766,11.96433306,13.46607476,18.01334048
20241018101106_767,11.96124592,14.0343812,18.440045
20241018101516_768,11.99808596,14.02286808,18.45521325
20241018101529_769,13.46275653,13.55389781,19.10376819
20241018101541_770,12.21470562,13.66403432,18.32770764
20241018101635_771,11.57354939,12.85960424,17.30076492
20241018102056_773,11.80169596,13.4282785,17.87732337
20241018102204_774,12.16410045,13.51641357,18.18402528
20241018102226_775,12.54687476,13.59145864,18.49734614
20241018102320_776,12.54486395,12.02773844,17.379301
20241018102631_777,11.09098157,13.59759228,17.54720456
20241018102716_778,13.59424371,13.6050063,19.23277563
20241018103041_780,12.00598266,14.04852465,18.47984482
20241018103240_781,12.19505894,13.88275484,18.47837505
20241018103321_782,11.80170874,13.92212237,18.25118682
20241018103335_783,12.45875074,13.59901616,18.4432565
20241018103433_784,12.08300007,13.85977895,18.38728809
20241018103714_785,11.76993567,13.84377595,18.17089756
20241018104048_787,12.04803849,13.06680845,17.77348347
20241018104142_788,12.74579686,13.31913861,18.43515096
20241018104529_790,12.12726693,14.0541919,18.56316011
20241018104657_791,11.99336083,14.16865948,18.56317903
20241018104927_793,11.79018551,13.91244833,18.23635635
20241018105553_796,11.78298252,14.26671185,18.50345222
20241018105727_797,10.85955749,10.5626367,15.14923374
20241018110104_799,11.12535805,16.56791246,19.95668597
20241018110129_800,12.94050534,13.51189901,18.70903775
20241018110401_801,11.99155936,13.85354065,18.32261128
20241018110540_802,12.49864497,13.07750829,18.08970285
20241018110621_803,12.31246634,13.89591269,18.56591546
20241018110801_804,12.09145718,13.65077719,18.23587274
20241018110817_805,11.78523975,13.79193755,18.14137309
20241018111203_806,12.80770756,14.11526471,19.05985495
20241018111242_807,11.60106321,13.79339334,18.02338391
20241018111337_808,12.11963517,14.0414973,18.54856337
20241018111347_809,12.02910848,14.04102329,18.48918024
20241018111620_810,13.1381908,13.79219556,19.04827331
20241018111707_811,11.80266956,13.96697023,18.28604019
20241018111845_812,11.94370428,13.56251287,18.07190713
20241018112017_813,14.32921058,14.43375236,20.33862048
20241018112422_814,12.06195559,14.15777194,18.59928168
20241018112449_815,11.97513716,13.14077684,17.77874928
20241018112540_816,12.06114447,13.91068994,18.41136878
20241018112728_817,11.81740313,13.93964335,18.27470037
20241018112935_818,13.21431107,12.91780966,18.47938916
20241018113314_820,11.84273908,13.14034351,17.6895194
20241018113616_822,11.99515299,14.0695381,18.48879654
20241018113801_824,11.8095183,13.93244502,18.26411089
20241018114101_825,11.92025585,13.92972962,18.33384485
20241018114240_826,11.38515109,13.85106887,17.92968974
20241018114429_827,12.04084305,13.9687286,18.44199772
20241018114653_828,11.92236805,14.04032211,18.41937851
20241018114802_829,11.95013437,14.13870315,18.51239147
20241018114858_831,11.93457159,14.08683843,18.46274671
20241018115033_832,11.95449832,13.89819494,18.33220807
20241018115127_833,12.80459069,13.70934364,18.75909501
20241018115306_835,11.94230334,14.13713483,18.50613926
20241018115621_836,11.89532882,13.72922968,18.16564327
20241018115849_838,12.38129932,13.90868066,18.62116996
20241018120352_840,11.21155305,15.05478328,18.77086629
20241018120621_841,12.16282474,14.11622418,18.63335962
20241018121337_842,12.26900234,13.76027202,18.4356585
20241018121452_843,12.33161035,13.6951329,18.42892506
20241018121920_844,12.06967792,12.97016249,17.71728648
20241018134031_845,12.49158872,13.88288091,18.67549654
20241018134337_846,12.52501198,14.34682858,19.04487898
20241018134953_847,11.78299109,13.72509658,18.08914468
20241018135142_848,11.8584693,13.95730304,18.3147373
20241018135223_849,12.1863554,13.96199137,18.53225461
20241018135500_850,12.24949105,12.99275177,17.85669705
20241018135534_851,12.17764851,14.17877211,18.69044413
20241018135535_852,11.60441526,14.27663044,18.3979518
20241018135642_853,12.0902689,13.9505723,18.46058151
20241018135921_854,12.87745697,13.52354533,18.67391701
20241018140027_855,12.82646904,13.38883527,18.54128415
20241018140117_856,12.33127194,14.03991492,18.68634471
20241018140358_857,11.29979656,11.98087083,16.46896075
20241018140402_858,12.64308062,15.62675076,20.10081657
20241018140426_859,12.35331044,14.40674821,18.9778469
20241018140957_860,11.76808233,14.01499134,18.3004848
20241018141433_861,12.4779095,12.75510002,17.84350868
20241018142858_863,14.0358189,13.13926623,19.22614182
20241018143008_864,12.00613454,14.28660688,18.66157557
20241018143318_865,12.343739,14.32216816,18.90746925
20241018143343_866,13.34185932,14.10407631,19.41468976
20241018143453_867,11.20634076,14.74175289,18.51759573
20241018143537_868,12.00493231,13.98076836,18.42770424
20241018143701_869,11.89596596,14.05709486,18.41510038
20241018144105_871,11.32125216,14.62759782,18.49695566
20241018144324_873,13.27160359,12.82507827,18.45584175
20241018144353_874,13.40762927,12.95725803,18.64551041
20241018144549_875,12.93864427,13.99252437,19.05778722
20241018144912_876,12.11332503,13.69099882,18.28048391
20241018145040_877,11.71676608,13.75303272,18.06733285
20241018145418_878,12.50911489,13.7816718,18.6121582
20241018145526_879,11.31304734,13.08181218,17.29505276
20241018145638_880,12.0770873,14.05382325,18.53013722
20241018145751_881,11.87115857,14.16185872,18.47924913
20241018150048_882,11.89604118,14.95812377,19.1118095
20241018150401_883,11.02990696,14.91392311,18.5495
20241018150503_884,12.29351942,13.68621304,18.39682166
20241018150658_885,11.80662376,13.79251844,18.15571341
20241018151005_887,12.29215611,13.7003829,18.40645522
20241018151037_888,11.8468821,13.74911989,18.14901963
20241018151430_891,11.95035039,14.11944982,18.49783062
20241018151757_893,12.18646832,13.79575369,18.40741237
20241018151805_894,12.25947303,13.95301996,18.57367614
20241018152026_895,12.10610791,13.84948976,18.39473336
20241018152031_896,11.96454277,13.84550653,18.29886157
20241018152145_897,10.89692183,14.60353166,18.22103297
20241018152154_898,12.0903428,13.77516235,18.32843384
20241018152426_899,11.92674138,14.20524006,18.5482076
20241018152433_900,12.04373149,14.01710776,18.48055135
20241018152911_903,11.84859588,13.72051369,18.12847815
20241018153030_904,11.83371476,14.09676509,18.40531421
20241018153100_905,12.71295683,13.47205874,18.52338085
20241018153456_907,11.79629442,13.89307122,18.22553126
20241018153457_908,12.22480533,14.00380472,18.5890401
20241018153834_910,11.69889266,13.21440232,17.648924
20241018153942_911,11.79289053,13.75816291,18.12068745
20241018153955_912,11.72262734,13.7972708,18.10482459
20241018154113_913,12.40976416,14.50063979,19.08587962
20241018154208_914,11.70494105,14.88779621,18.93811292
20241018154516_915,12.08082726,14.29819063,18.71856412
20241018154521_916,13.40359534,13.00610087,18.67659037
20241018154522_917,11.96311994,14.96632642,19.16004085
20241018154654_918,12.08236004,14.09456515,18.56448736
20241018154946_919,12.03728403,14.01094279,18.47167357
20241018155126_920,11.39412497,15.00072849,18.83740797
20241018155405_921,11.75785008,14.11111178,18.36764857
20241018160508_922,11.84184736,14.09061149,18.40583281
20241018161000_923,12.14865019,12.18148811,17.20402145
20241018161707_926,11.85583374,14.17672912,18.48081281
20241018162429_928,11.72143669,13.98638056,18.24858677
20241018162936_929,12.02826092,13.77043691,18.28398188
20241018163807_930,12.02520801,13.39123099,17.99807476
20241025101831_931,12.12129492,14.00240149,18.52007123
20241025102153_932,13.22624015,16.65730305,21.26967733
20241025102538_933,12.20424587,14.00065492,18.57315147
20241025102646_934,11.84023263,14.04941688,18.37327471
20241025102908_935,12.04234269,13.63310801,18.19009762
20241025102948_936,11.68985869,13.74267776,18.04200621
20241025103029_937,11.77602161,13.87637204,18.19968093
20241025103228_938,11.7376881,14.37554328,18.55881371
20241025103338_939,11.67558232,13.52989235,17.87112782
20241025103526_940,11.71721753,14.076719,18.31521784
20241025103539_941,11.86093463,13.98174579,18.3349662
20241025103844_942,11.85978698,13.93935456,18.30191664
20241025103925_943,11.72378747,13.63254163,17.98036106
20241025104007_944,11.83073435,14.066097,18.3799173
20241025104114_945,13.08637411,13.88500808,19.0800062
20241025104213_946,12.05796858,14.06788361,18.52835545
20241025104442_948,11.67238016,14.0230623,18.2452935
20241025104550_949,12.50235564,14.56651101,19.19614908
20241025104712_950,11.80184287,14.16741414,18.43906501
20241025105116_952,12.76240848,13.1204669,18.30370787
20241025105128_953,12.03077945,14.05071186,18.49762573
20241025105515_955,11.93594818,13.6199174,18.10991466
20241025105641_956,12.02010798,14.31756715,18.69426984
20241025105730_957,11.93727565,11.72705698,16.73387031
20241025105820_958,12.03694612,14.14302929,18.57184292
20241025105951_959,11.94029596,14.52850373,18.80553345
20241025110050_960,11.87514056,14.01156594,18.36689803
20241025110207_961,12.02407406,14.43104612,18.7838614
20241025110507_962,12.03683798,13.87103623,18.36548705
20241025110642_963,15.99576653,13.27410335,20.78620616
20241025110716_964,11.69038803,13.46203473,17.82951349
20241025110740_965,12.46776542,13.85557151,18.63926062
20241025111132_966,11.85078882,13.84911969,18.22743294
20241025111206_967,11.93399864,14.19813188,18.54743304
20241025111235_968,12.07760437,11.0776971,16.38852953
20241025111535_970,11.77859609,13.75150211,18.10632862
20241025111713_971,11.23199448,11.90797087,16.36940653
20241025111903_972,10.47311076,13.3887918,16.99840565
20241025112109_973,11.85583467,14.00003435,18.34562011
20241025112304_974,11.2221442,13.17333245,17.30529423
20241025112439_975,12.45899925,13.9683914,18.71744162
20241025112608_976,12.0326422,14.048871,18.49743914
20241025112728_977,11.96503329,13.89774816,18.33874111
20241025112917_978,10.00077151,18.6873665,21.19511966
20241025113138_979,10.70933017,15.43951835,18.79011654
20241025113242_980,11.77371205,14.50956604,18.68549711
20241025113254_981,12.74471424,13.16473027,18.32315105
20241025113640_982,11.8754687,14.08110382,18.42021286
20241025113741_983,14.34880272,15.54716799,21.15662005
20241025113824_984,12.30355717,12.08851542,17.24847019
20241025113851_985,11.74681298,14.77394615,18.87477417
20241025114249_986,13.26201474,14.73556239,19.82467739
20241025114353_987,12.09215122,14.34091818,18.75851954
20241025114703_989,13.13466591,13.27055446,18.67155763
20241025114849_990,12.12107669,13.68981128,18.28473224
20241025114926_992,10.90569212,15.55854963,19.00006809
20241025115232_993,12.75281389,13.63265613,18.66771478
20241025115404_994,12.00275824,13.91055185,18.37306883
20241025115439_995,11.8253801,13.51676593,17.95947036
20241025115442_996,12.46142833,13.62116176,18.46139875
20241025115607_997,12.1198838,13.78210849,18.35314953
20241025120042_999,12.79360877,14.62899107,19.43408874
20241025120152_1000,12.03036256,13.78070673,18.29309983
20241025120239_1001,11.94544796,13.66938323,18.15339541
20241025120535_1003,11.92816455,13.987321,18.38277069
20241025121507_1005,12.57002838,12.29174463,17.58102953
20241025121548_1006,12.3810119,14.07041631,18.74209355
20241025122016_1007,12.33913118,14.06630428,18.71136217
20241025133559_1010,12.31387873,13.31725314,18.137829
20241025134005_1011,11.46708528,14.94292409,18.83573797
20241025134021_1012,12.23025567,13.83613645,18.46666796
20241025134521_1013,11.63052683,14.62941874,18.68927626
20241025134707_1014,10.63840078,12.18055822,16.17224689
20241025134813_1015,11.65483862,14.05138339,18.25586586
20241025134941_1016,11.94764268,14.00885277,18.411793
20241025135228_1018,12.11348656,14.37752568,18.80026067
20241025135259_1019,12.03468595,14.15349666,18.57835121
20241025135354_1020,11.66413557,14.1710717,18.35405491
20241025135702_1022,10.21632072,13.4196419,16.86594195
20241025135911_1023,11.9086032,13.75989817,18.19751708
20241025140007_1024,12.18965034,14.10787675,18.64456387
20241025140351_1025,12.16778611,14.06575272,18.59839828
20241025140435_1026,11.40388458,13.82002535,17.91763612
20241025140449_1027,12.79522109,13.37052727,18.50644974
20241025140534_1028,12.00453635,14.00894816,18.44883524
20241025140704_1029,12.02411524,13.84464143,18.33721472
20241025141028_1031,12.04676889,14.0763926,18.52753273
20241025141056_1032,11.53817893,14.48174622,18.51622388
20241025141237_1033,11.54228701,14.25791035,18.34427422
20241025141427_1034,11.86387762,18.68693667,22.13488637
20241025141516_1035,11.71792084,12.50798701,17.13941095
20241025142142_1036,11.40232979,14.37509176,18.34819849
20241025142147_1037,11.41790541,15.16296128,18.98114746
20241025142205_1038,12.03367523,13.86106109,18.35588064
20241025142535_1039,12.35234555,13.89290313,18.59013712
20241025142701_1040,11.81758388,14.12183333,18.4141648
20241025143033_1041,11.69866776,13.69461827,18.01114647
20241025143040_1042,12.00125596,14.20560161,18.5964852
20241025143319_1043,11.59642049,14.42156872,18.50563732
20241025143444_1044,11.07727864,12.97904723,17.06346299
20241025143530_1045,13.17775939,12.88441847,18.42990998
20241025143730_1046,11.9726367,14.02778742,18.44241984
20241025143837_1047,11.96812939,13.95222728,18.38207733
20241025144016_1048,13.86622056,13.63281012,19.44545151
20241025144229_1049,12.1803654,14.07645559,18.61472276
20241025144526_1052,12.17532778,13.92892013,18.5000925
20241025145023_1053,11.74412481,14.13485981,18.37712516
20241025145328_1054,11.9486537,13.95466167,18.37125221
20241025145352_1055,11.63405044,13.92426745,18.14487128
20241025145448_1056,11.98448011,13.69333607,18.1971211
20241025145459_1057,11.84998858,13.90004314,18.26563518
20241025145810_1058,11.84270658,14.107159,18.41905628
20241025145902_1059,11.56391651,14.09421936,18.23105001
20241025145917_1060,13.2568886,12.88391008,18.48621742
20241025150237_1061,12.08998065,13.77652528,18.32921932
20241025150254_1062,12.68530472,13.44602515,18.48546857
20241025150525_1063,12.09654248,13.73535793,18.30263362
20241025150716_1064,11.94555557,14.17966628,18.54074523
20241025150745_1065,12.01661225,13.63534116,18.17474892
20241025150856_1066,12.58478999,13.4762478,18.43871454
20241025151053_1067,12.01189516,14.08112656,18.50847781
20241025151116_1068,10.20844783,13.79104633,17.15824484
20241025151216_1069,12.4591169,14.2649066,18.93982983
20241025151339_1070,12.01761984,14.11603298,18.53875869
20241025151602_1071,12.66891595,14.40621902,19.18438369
20241025151736_1072,11.94019773,14.01026109,18.4080346
20241025151740_1073,12.39975821,13.54070402,18.36041037
20241025151822_1074,12.09678655,13.89056556,18.41955636
20241025152205_1075,12.36464299,13.09068846,18.00695756
20241025152226_1076,11.6747468,13.77885134,18.05980224
20241025152251_1077,11.95429172,14.02151929,18.4257454
20241025152402_1078,11.56267114,14.32380959,18.40833738
20241025152612_1079,12.80188517,13.75376853,18.78974222
20241025152902_1080,11.85635872,14.31220005,18.58527139
20241025153208_1082,12.15734776,14.07708822,18.60014831
20241025153214_1083,11.87945062,14.09837736,18.43598631
20241025153237_1084,12.05994997,13.33528581,17.9797731
20241025153527_1085,11.66796417,14.19914382,18.37816838
20241025153605_1086,12.61189764,13.7702572,18.67297366
20241025153610_1087,12.35253946,12.51712248,17.58589168
20241025153737_1088,12.1259887,14.07838641,18.5806503
20241025154051_1089,12.01821546,13.9983999,18.44973449
20241025154153_1090,12.75781654,13.80514088,18.79744126
20241025154216_1091,12.36014041,13.88966323,18.59289691
20241025154643_1092,11.75402925,14.8555399,18.9431853
20241025154755_1093,12.17797692,13.6473077,18.29076623
20241025155323_1094,12.32292545,14.41494099,18.96430899
20241025155549_1095,13.69259999,12.79426132,18.73980835
20241025155552_1096,11.47105037,14.47894162,18.47226968
20241025155721_1097,12.8498767,13.67753765,18.76684223
20241025155723_1098,12.27648233,13.37287824,18.15339888
20241025155944_1099,12.17817289,11.99618643,17.09433777
20241025160109_1100,11.97228701,13.92945898,18.36751164
20241025160249_1101,10.77819953,13.83555351,17.53830453
20241025160531_1102,12.05970256,13.83564951,18.35379043
20241025160551_1103,17.7077038,13.89734567,22.50997535
20241025160932_1104,11.87671128,14.14898755,18.47295644
20241025161417_1105,10.69730332,14.93100732,18.36756047
20241025161601_1106,12.62034522,11.25862302,16.91241277
20241025162157_1107,12.42701568,14.24474477,18.90353068
